{
    "name": "root",
    "gauges": {
        "MOve_to_goal.Policy.Entropy.mean": {
            "value": 1.3134888410568237,
            "min": 1.3134888410568237,
            "max": 1.3267165422439575,
            "count": 29
        },
        "MOve_to_goal.Policy.Entropy.sum": {
            "value": 52593.40625,
            "min": 6065.748046875,
            "max": 53096.578125,
            "count": 29
        },
        "MOve_to_goal.Environment.EpisodeLength.mean": {
            "value": 15.403444034440344,
            "min": 14.97923322683706,
            "max": 18.572052401746724,
            "count": 29
        },
        "MOve_to_goal.Environment.EpisodeLength.sum": {
            "value": 37569.0,
            "min": 4253.0,
            "max": 38254.0,
            "count": 29
        },
        "MOve_to_goal.Step.mean": {
            "value": 4999988.0,
            "min": 3879938.0,
            "max": 4999988.0,
            "count": 29
        },
        "MOve_to_goal.Step.sum": {
            "value": 4999988.0,
            "min": 3879938.0,
            "max": 4999988.0,
            "count": 29
        },
        "MOve_to_goal.Policy.ExtrinsicValueEstimate.mean": {
            "value": 45.312007904052734,
            "min": 44.72310256958008,
            "max": 45.55434799194336,
            "count": 29
        },
        "MOve_to_goal.Policy.ExtrinsicValueEstimate.sum": {
            "value": 110923.796875,
            "min": 10387.0068359375,
            "max": 113835.109375,
            "count": 29
        },
        "MOve_to_goal.Environment.CumulativeReward.mean": {
            "value": 48.31115165974772,
            "min": 47.86508953582619,
            "max": 48.4291845357643,
            "count": 29
        },
        "MOve_to_goal.Environment.CumulativeReward.sum": {
            "value": 117830.8988981247,
            "min": 10950.659923553467,
            "max": 121189.03874206543,
            "count": 29
        },
        "MOve_to_goal.Policy.ExtrinsicReward.mean": {
            "value": 48.31115165974772,
            "min": 47.86508953582619,
            "max": 48.4291845357643,
            "count": 29
        },
        "MOve_to_goal.Policy.ExtrinsicReward.sum": {
            "value": 117830.8988981247,
            "min": 10950.659923553467,
            "max": 121189.03874206543,
            "count": 29
        },
        "MOve_to_goal.IsTraining.mean": {
            "value": 1.0,
            "min": 1.0,
            "max": 1.0,
            "count": 29
        },
        "MOve_to_goal.IsTraining.sum": {
            "value": 1.0,
            "min": 1.0,
            "max": 1.0,
            "count": 29
        },
        "MOve_to_goal.Losses.PolicyLoss.mean": {
            "value": 0.01885400476749055,
            "min": 0.01377667651346807,
            "max": 0.020080414617647573,
            "count": 28
        },
        "MOve_to_goal.Losses.PolicyLoss.sum": {
            "value": 0.01885400476749055,
            "min": 0.01377667651346807,
            "max": 0.03437449144985294,
            "count": 28
        },
        "MOve_to_goal.Losses.ValueLoss.mean": {
            "value": 2.7146925603350005,
            "min": 0.9748598138491312,
            "max": 3.1782885467012725,
            "count": 28
        },
        "MOve_to_goal.Losses.ValueLoss.sum": {
            "value": 2.7146925603350005,
            "min": 0.9748598138491312,
            "max": 5.292174632350603,
            "count": 28
        },
        "MOve_to_goal.Policy.LearningRate.mean": {
            "value": 5.924798025400146e-07,
            "min": 5.924798025400146e-07,
            "max": 6.549949816685998e-05,
            "count": 28
        },
        "MOve_to_goal.Policy.LearningRate.sum": {
            "value": 5.924798025400146e-07,
            "min": 5.924798025400146e-07,
            "max": 0.00011723266092249999,
            "count": 28
        },
        "MOve_to_goal.Policy.Epsilon.mean": {
            "value": 0.10019746,
            "min": 0.10019746,
            "max": 0.12183314,
            "count": 28
        },
        "MOve_to_goal.Policy.Epsilon.sum": {
            "value": 0.10019746,
            "min": 0.10019746,
            "max": 0.2390775,
            "count": 28
        },
        "MOve_to_goal.Policy.Beta.mean": {
            "value": 1.9853254000000243e-05,
            "min": 1.9853254000000243e-05,
            "max": 0.001099473686,
            "count": 28
        },
        "MOve_to_goal.Policy.Beta.sum": {
            "value": 1.9853254000000243e-05,
            "min": 1.9853254000000243e-05,
            "max": 0.0019699672500000003,
            "count": 28
        }
    },
    "metadata": {
        "timer_format_version": "0.1.0",
        "start_time_seconds": "1690038037",
        "python_version": "3.9.16 (main, May 17 2023, 17:49:16) [MSC v.1916 64 bit (AMD64)]",
        "command_line_arguments": "C:\\Users\\cemka\\anaconda3\\envs\\ML_Agents\\Scripts\\mlagents-learn config/conf.yaml --run-id=test3 --resume",
        "mlagents_version": "0.30.0",
        "mlagents_envs_version": "0.30.0",
        "communication_protocol_version": "1.5.0",
        "pytorch_version": "2.0.1",
        "numpy_version": "1.21.2",
        "end_time_seconds": "1690052645"
    },
    "total": 14608.6014373,
    "count": 1,
    "self": 0.004428299998835428,
    "children": {
        "run_training.setup": {
            "total": 0.07084620000000008,
            "count": 1,
            "self": 0.07084620000000008
        },
        "TrainerController.start_learning": {
            "total": 14608.5261628,
            "count": 1,
            "self": 2.977386300221042,
            "children": {
                "TrainerController._reset_env": {
                    "total": 7.865262499999999,
                    "count": 1,
                    "self": 7.865262499999999
                },
                "TrainerController.advance": {
                    "total": 14597.521440399782,
                    "count": 173292,
                    "self": 2.462614699419646,
                    "children": {
                        "env_step": {
                            "total": 4054.910085100238,
                            "count": 173292,
                            "self": 2617.059766599986,
                            "children": {
                                "SubprocessEnvManager._take_step": {
                                    "total": 1435.1361303000526,
                                    "count": 173292,
                                    "self": 5.813148700130569,
                                    "children": {
                                        "TorchPolicy.evaluate": {
                                            "total": 1429.322981599922,
                                            "count": 124949,
                                            "self": 1429.322981599922
                                        }
                                    }
                                },
                                "workers": {
                                    "total": 2.7141882001999544,
                                    "count": 173292,
                                    "self": 0.0,
                                    "children": {
                                        "worker_root": {
                                            "total": 14596.286426300032,
                                            "count": 173292,
                                            "is_parallel": true,
                                            "self": 12192.62667190046,
                                            "children": {
                                                "steps_from_proto": {
                                                    "total": 0.010342399999999863,
                                                    "count": 1,
                                                    "is_parallel": true,